,year,total_renewable_energy(%),Country_code,country,is_aggregate
3,1990,7.55675254664473,ARB,Arab World,True
5,1990,16.2307467057101,CSS,Caribbean small states,True
10,1990,4.14436894083537,CEB,Central Europe and the Baltics,True
18,1990,6.54677558470735,EMU,Euro area,True
19,1990,6.91190899395663,EUU,European Union,True
20,1990,55.6363722930754,SAS,South Asia,True
21,1990,70.7330176960293,SSA,Sub-Saharan Africa (excluding high income),True
29,1990,32.7383925622165,LAC,Latin America & Caribbean (excluding high income),True
31,1990,4.07940913140557,TEC,Europe & Central Asia (IDA & IBRD countries),True
41,1990,85.7574669598202,HPC,Heavily indebted poor countries (HIPC),True
53,1990,34.395616925265,LMY,Low & middle income,True
54,1990,70.7235942692161,TSS,Sub-Saharan Africa (IDA & IBRD countries),True
56,1990,16.6761728451138,WLD,World,True
68,1990,78.2040910575174,PRE,Pre-demographic dividend,True
70,1990,70.7235942692161,SSF,Sub-Saharan Africa,True
72,1990,55.6363722930754,TSA,South Asia (IDA & IBRD),True
73,1990,4.62898692234037,ECA,Europe & Central Asia (excluding high income),True
75,1990,5.72169750149769,ECS,Europe & Central Asia,True
99,1990,6.33660305156423,PST,Post-demographic dividend,True
101,1990,23.6492794434322,SST,Small states,True
109,1990,32.5735739750446,LCN,Latin America & Caribbean,True
116,1990,85.793807160207,LDC,Least developed countries: UN classification,True
117,1990,11.556549657066,MEA,"Middle East, North Africa, Afghanistan & Pakistan",True
119,1990,37.8155943433848,TEA,East Asia & Pacific (IDA & IBRD countries),True
129,1990,59.1838307141746,IDB,IDA blend,True
130,1990,26.7903199833955,IBT,IDA & IBRD total,True
136,1990,7.21226230470798,OED,OECD members,True
139,1990,52.8208333333333,PSS,Pacific island small states,True
142,1990,32.3678811846524,TLA,Latin America & the Caribbean (IDA & IBRD countries),True
164,1990,36.7837303328156,EAP,East Asia & Pacific (excluding high income),True
166,1990,16.0143287945227,MNA,"Middle East, North Africa, Afghanistan & Pakistan (excluding high income)",True
168,1990,33.198040919323,MIC,Middle income,True
169,1990,23.8860747877954,OSS,Other small states,True
171,1990,21.9684140890226,IBD,IBRD only,True
176,1990,66.9784484359233,IDA,IDA total,True
178,1990,75.3831138327321,IDX,IDA only,True
196,1990,6.2019882430542,NAC,North America,True
198,1990,26.4207512678972,EAS,East Asia & Pacific,True
208,1990,34.8003445736919,EAR,Early-demographic dividend,True
220,1990,19.5350713817325,LTE,Late-demographic dividend,True
222,1990,60.842404289004,AFE,Africa Eastern and Southern,True
231,1990,85.8954421148587,AFW,Africa Western and Central,True
235,1990,15.9971455903228,TMN,"Middle East, North Africa, Afghanistan & Pakistan (IDA & IBRD)",True
247,1991,7.48136495064073,ARB,Arab World,True
249,1991,4.80614884330527,CEB,Central Europe and the Baltics,True
251,1991,12.3785656728445,CSS,Caribbean small states,True
252,1991,62.1332952333327,AFE,Africa Eastern and Southern,True
263,1991,31.9844254750594,LCN,Latin America & Caribbean,True
265,1991,19.7148822804113,LTE,Late-demographic dividend,True
269,1991,32.0195301784624,LAC,Latin America & Caribbean (excluding high income),True
284,1991,22.1175831024664,IBD,IBRD only,True
292,1991,67.2593276590339,IDA,IDA total,True
294,1991,76.0124927213137,IDX,IDA only,True
302,1991,31.7032170833947,TLA,Latin America & the Caribbean (IDA & IBRD countries),True
310,1991,59.2684634194499,IDB,IDA blend,True
312,1991,27.0017754178464,IBT,IDA & IBRD total,True
319,1991,86.173870947592,LDC,Least developed countries: UN classification,True
328,1991,16.8275092292776,WLD,World,True
347,1991,34.1622186553086,LMY,Low & middle income,True
349,1991,71.4000074927214,TSS,Sub-Saharan Africa (IDA & IBRD countries),True
357,1991,86.6644305065344,HPC,Heavily indebted poor countries (HIPC),True
371,1991,71.4109111541714,SSA,Sub-Saharan Africa (excluding high income),True
374,1991,7.19534425402431,EUU,European Union,True
376,1991,4.19075813980973,TEC,Europe & Central Asia (IDA & IBRD countries),True
389,1991,71.4000074927214,SSF,Sub-Saharan Africa,True
391,1991,54.6966064824886,TSA,South Asia (IDA & IBRD),True
392,1991,4.67357209962229,ECA,Europe & Central Asia (excluding high income),True
394,1991,5.87264894965217,ECS,Europe & Central Asia,True
402,1991,11.336236970082,MEA,"Middle East, North Africa, Afghanistan & Pakistan",True
404,1991,6.49893579420106,PST,Post-demographic dividend,True
405,1991,54.6966064824886,SAS,South Asia,True
406,1991,22.5904537815126,SST,Small states,True
413,1991,6.84350211317404,EMU,Euro area,True
416,1991,79.6114488473848,PRE,Pre-demographic dividend,True
419,1991,37.0147968946071,TEA,East Asia & Pacific (IDA & IBRD countries),True
430,1991,7.33502705013867,OED,OECD members,True
433,1991,51.4216129032258,PSS,Pacific island small states,True
443,1991,15.736118285882,MNA,"Middle East, North Africa, Afghanistan & Pakistan (excluding high income)",True
445,1991,32.91878643468,MIC,Middle income,True
446,1991,23.4395771766311,OSS,Other small states,True
448,1991,36.1127564548691,EAP,East Asia & Pacific (excluding high income),True
461,1991,15.7188806969523,TMN,"Middle East, North Africa, Afghanistan & Pakistan (IDA & IBRD)",True
462,1991,6.45852428000841,NAC,North America,True
464,1991,25.9863542513191,EAS,East Asia & Pacific,True
466,1991,34.3845948730723,EAR,Early-demographic dividend,True
474,1991,85.2620742165585,AFW,Africa Western and Central,True
490,1992,7.13008316970771,ARB,Arab World,True
492,1992,83.8183241751154,AFW,Africa Western and Central,True
497,1992,15.0807647123108,TMN,"Middle East, North Africa, Afghanistan & Pakistan (IDA & IBRD)",True
498,1992,6.71176059634845,NAC,North America,True
500,1992,15.0977315458187,MNA,"Middle East, North Africa, Afghanistan & Pakistan (excluding high income)",True
502,1992,33.1993206265999,MIC,Middle income,True
503,1992,28.168347639485,OSS,Other small states,True
505,1992,7.4671506069542,OED,OECD members,True
508,1992,47.1143250688705,PSS,Pacific island small states,True
511,1992,77.7903871081782,PRE,Pre-demographic dividend,True
515,1992,10.897297140481,MEA,"Middle East, North Africa, Afghanistan & Pakistan",True
517,1992,6.63265059915931,PST,Post-demographic dividend,True
518,1992,54.1525020316944,SAS,South Asia,True
519,1992,25.8424070930013,SST,Small states,True
521,1992,72.052987934556,SSF,Sub-Saharan Africa,True
523,1992,54.1525020316944,TSA,South Asia (IDA & IBRD),True
525,1992,72.0638474417429,SSA,Sub-Saharan Africa (excluding high income),True
531,1992,34.5339321597175,LMY,Low & middle income,True
532,1992,72.052987934556,TSS,Sub-Saharan Africa (IDA & IBRD countries),True
535,1992,17.1858871999502,WLD,World,True
545,1992,86.3259492641678,LDC,Least developed countries: UN classification,True
546,1992,31.3669679433488,TLA,Latin America & the Caribbean (IDA & IBRD countries),True
557,1992,31.6961970158176,LAC,Latin America & Caribbean (excluding high income),True
571,1992,31.6994200114385,LCN,Latin America & Caribbean,True
573,1992,20.4372203034671,LTE,Late-demographic dividend,True
587,1992,22.7264611309833,IBD,IBRD only,True
588,1992,68.3437531466331,IDA,IDA total,True
590,1992,77.7057673476839,IDX,IDA only,True
605,1992,59.9077616761631,IDB,IDA blend,True
607,1992,27.7909190550675,IBT,IDA & IBRD total,True
634,1992,87.0333745710884,HPC,Heavily indebted poor countries (HIPC),True
647,1992,7.46780616301649,EUU,European Union,True
649,1992,4.48197474453354,TEC,Europe & Central Asia (IDA & IBRD countries),True
662,1992,5.2060411365564,ECA,Europe & Central Asia (excluding high income),True
664,1992,6.223148349601,ECS,Europe & Central Asia,True
678,1992,6.8962603947921,EMU,Euro area,True
679,1992,36.5601561798501,TEA,East Asia & Pacific (IDA & IBRD countries),True
698,1992,35.7775078548785,EAP,East Asia & Pacific (excluding high income),True
710,1992,25.572050365807,EAS,East Asia & Pacific,True
712,1992,34.2391135694075,EAR,Early-demographic dividend,True
726,1992,5.37930366966089,CEB,Central Europe and the Baltics,True
728,1992,12.2946280991736,CSS,Caribbean small states,True
729,1992,63.9407887013287,AFE,Africa Eastern and Southern,True
734,1993,6.88176292261053,ARB,Arab World,True
739,1993,7.89678626065615,EUU,European Union,True
745,1993,87.5515390596414,HPC,Heavily indebted poor countries (HIPC),True
750,1993,29.3073690109274,OSS,Other small states,True
751,1993,47.6801075268817,PSS,Pacific island small states,True
752,1993,78.4579539197218,PRE,Pre-demographic dividend,True
754,1993,26.7999609069586,SST,Small states,True
763,1993,64.6519649122807,AFE,Africa Eastern and Southern,True
770,1993,7.19209000591033,CEB,Central Europe and the Baltics,True
775,1993,72.973559128037,TSS,Sub-Saharan Africa (IDA & IBRD countries),True
777,1993,72.973559128037,SSF,Sub-Saharan Africa,True
780,1993,33.2724459672308,MIC,Middle income,True
786,1993,17.2074395489013,WLD,World,True
789,1993,6.25577051874498,NAC,North America,True
793,1993,15.0227413292101,MNA,"Middle East, North Africa, Afghanistan & Pakistan (excluding high income)",True
797,1993,33.9949226983813,EAR,Early-demographic dividend,True
806,1993,15.0061303859724,TMN,"Middle East, North Africa, Afghanistan & Pakistan (IDA & IBRD)",True
813,1993,10.7492804743053,MEA,"Middle East, North Africa, Afghanistan & Pakistan",True
818,1993,24.7852675238187,EAS,East Asia & Pacific,True
846,1993,35.0093273861541,TEA,East Asia & Pacific (IDA & IBRD countries),True
847,1993,34.3544497702893,EAP,East Asia & Pacific (excluding high income),True
859,1993,86.7447862460972,LDC,Least developed countries: UN classification,True
866,1993,34.6636608545319,LMY,Low & middle income,True
871,1993,7.00983798246383,EMU,Euro area,True
876,1993,30.9743028581153,TLA,Latin America & the Caribbean (IDA & IBRD countries),True
877,1993,31.1382505291514,LAC,Latin America & Caribbean (excluding high income),True
881,1993,20.551629115011,LTE,Late-demographic dividend,True
884,1993,6.62553578805038,ECS,Europe & Central Asia,True
891,1993,31.1011774075509,LCN,Latin America & Caribbean,True
896,1993,68.9369704699761,IDA,IDA total,True
912,1993,59.975270861053,IDB,IDA blend,True
917,1993,6.14972262075562,ECA,Europe & Central Asia (excluding high income),True
920,1993,79.1203545557254,IDX,IDA only,True
936,1993,5.05682908740215,TEC,Europe & Central Asia (IDA & IBRD countries),True
948,1993,22.9937230271798,IBD,IBRD only,True
956,1993,28.1286394893098,IBT,IDA & IBRD total,True
957,1993,7.39950792493411,OED,OECD members,True
959,1993,72.9851939347896,SSA,Sub-Saharan Africa (excluding high income),True
963,1993,12.5732765957447,CSS,Caribbean small states,True
965,1993,54.0745773556611,TSA,South Asia (IDA & IBRD),True
970,1993,54.0745773556611,SAS,South Asia,True
976,1993,6.50343586324313,PST,Post-demographic dividend,True
979,1993,85.1032323232323,AFW,Africa Western and Central,True
984,1994,50.3763358778626,PSS,Pacific island small states,True
986,1994,6.39081681625634,PST,Post-demographic dividend,True
989,1994,34.9164576883584,LMY,Low & middle income,True
998,1994,27.3390033720495,SST,Small states,True
1001,1994,79.1869329770026,PRE,Pre-demographic dividend,True
1002,1994,30.5070840197694,OSS,Other small states,True
1006,1994,8.00067229458726,EUU,European Union,True
1010,1994,7.04010373047707,ARB,Arab World,True
1014,1994,23.5810926986981,IBD,IBRD only,True
1019,1994,52.9489181705338,TSA,South Asia (IDA & IBRD),True
1022,1994,11.5356101304682,CSS,Caribbean small states,True
1026,1994,28.9421331678293,IBT,IDA & IBRD total,True
1034,1994,73.7011693237597,SSA,Sub-Saharan Africa (excluding high income),True
1036,1994,7.21905538938641,OED,OECD members,True
1037,1994,73.6882287927643,SSF,Sub-Saharan Africa,True
1038,1994,73.6882287927643,TSS,Sub-Saharan Africa (IDA & IBRD countries),True
1052,1994,7.52104320960919,CEB,Central Europe and the Baltics,True
1061,1994,5.26184026266628,TEC,Europe & Central Asia (IDA & IBRD countries),True
1069,1994,6.09935636868088,NAC,North America,True
1072,1994,6.79432456156392,ECA,Europe & Central Asia (excluding high income),True
1077,1994,61.2096290598787,IDB,IDA blend,True
1080,1994,17.3572712155107,WLD,World,True
1087,1994,14.5122921719129,MNA,"Middle East, North Africa, Afghanistan & Pakistan (excluding high income)",True
1094,1994,79.8089848157581,IDX,IDA only,True
1096,1994,33.4709749692311,MIC,Middle income,True
1100,1994,14.4957864922109,TMN,"Middle East, North Africa, Afghanistan & Pakistan (IDA & IBRD)",True
1110,1994,70.0215397421799,IDA,IDA total,True
1115,1994,33.1860010554254,EAR,Early-demographic dividend,True
1127,1994,24.039720251699,EAS,East Asia & Pacific,True
1132,1994,10.3448126889541,MEA,"Middle East, North Africa, Afghanistan & Pakistan",True
1141,1994,6.87364643401988,ECS,Europe & Central Asia,True
1143,1994,21.3029954062602,LTE,Late-demographic dividend,True
1164,1994,7.22195672541618,EMU,Euro area,True
1168,1994,30.7352128121832,LCN,Latin America & Caribbean,True
1179,1994,30.8304630905293,LAC,Latin America & Caribbean (excluding high income),True
1180,1994,30.6396443730315,TLA,Latin America & the Caribbean (IDA & IBRD countries),True
1188,1994,33.7261575052438,EAP,East Asia & Pacific (excluding high income),True
1189,1994,34.2678739101274,TEA,East Asia & Pacific (IDA & IBRD countries),True
1191,1994,86.4549482646711,LDC,Least developed countries: UN classification,True
1210,1994,87.2296112056552,HPC,Heavily indebted poor countries (HIPC),True
1215,1994,52.9489181705338,SAS,South Asia,True
1227,1994,65.1450669770894,AFE,Africa Eastern and Southern,True
1228,1994,86.5576852698994,AFW,Africa Western and Central,True
1229,1995,64.7215351777626,AFE,Africa Eastern and Southern,True
1241,1995,6.67730116013849,PST,Post-demographic dividend,True
1242,1995,34.0889571874426,LMY,Low & middle income,True
1251,1995,85.42524597215,LDC,Least developed countries: UN classification,True
1269,1995,30.4255552427766,LAC,Latin America & Caribbean (excluding high income),True
1270,1995,30.3146251010021,TLA,Latin America & the Caribbean (IDA & IBRD countries),True
1274,1995,32.0422847299416,EAP,East Asia & Pacific (excluding high income),True
1276,1995,32.477202742625,TEA,East Asia & Pacific (IDA & IBRD countries),True
1279,1995,7.08256422707981,EMU,Euro area,True
1283,1995,30.3094212714592,LCN,Latin America & Caribbean,True
1316,1995,10.2127240387398,MEA,"Middle East, North Africa, Afghanistan & Pakistan",True
1320,1995,6.96369848177,ECS,Europe & Central Asia,True
1334,1995,23.1191177109259,EAS,East Asia & Pacific,True
1340,1995,20.981021904095,LTE,Late-demographic dividend,True
1349,1995,14.225720179502,MNA,"Middle East, North Africa, Afghanistan & Pakistan (excluding high income)",True
1350,1995,70.1586524561145,IDA,IDA total,True
1357,1995,79.3798535638404,IDX,IDA only,True
1359,1995,32.5970325790297,MIC,Middle income,True
1364,1995,14.2088438747128,TMN,"Middle East, North Africa, Afghanistan & Pakistan (IDA & IBRD)",True
1369,1995,6.91547198501664,ECA,Europe & Central Asia (excluding high income),True
1374,1995,61.5601804472698,IDB,IDA blend,True
1378,1995,32.7615896402531,EAR,Early-demographic dividend,True
1388,1995,5.39400633991709,TEC,Europe & Central Asia (IDA & IBRD countries),True
1396,1995,6.67915757127841,NAC,North America,True
1406,1995,73.3062196050858,TSS,Sub-Saharan Africa (IDA & IBRD countries),True
1409,1995,7.83252476162055,CEB,Central Europe and the Baltics,True
1413,1995,17.4243468135946,WLD,World,True
1414,1995,28.6551456955689,IBT,IDA & IBRD total,True
1418,1995,8.01520831104931,EUU,European Union,True
1422,1995,73.317893246081,SSA,Sub-Saharan Africa (excluding high income),True
1424,1995,7.53037720554075,OED,OECD members,True
1425,1995,73.3062196050858,SSF,Sub-Saharan Africa,True
1432,1995,23.1890866208429,IBD,IBRD only,True
1439,1995,11.130225782957,CSS,Caribbean small states,True
1448,1995,86.9331011400481,HPC,Heavily indebted poor countries (HIPC),True
1453,1995,51.8197161177282,SAS,South Asia,True
1454,1995,47.1890625,PSS,Pacific island small states,True
1461,1995,28.7000931098696,SST,Small states,True
1463,1995,79.3193081563145,PRE,Pre-demographic dividend,True
1466,1995,51.8197161177282,TSA,South Asia (IDA & IBRD),True
1467,1995,33.4118737890949,OSS,Other small states,True
1474,1995,86.1480939845959,AFW,Africa Western and Central,True
1476,1995,6.91827670984717,ARB,Arab World,True
1478,1996,6.69588195046661,PST,Post-demographic dividend,True
1479,1996,85.1186481720936,AFW,Africa Western and Central,True
1483,1996,14.0781195718511,TMN,"Middle East, North Africa, Afghanistan & Pakistan (IDA & IBRD)",True
1489,1996,14.0935283719079,MNA,"Middle East, North Africa, Afghanistan & Pakistan (excluding high income)",True
1495,1996,23.6024113455693,IBD,IBRD only,True
1499,1996,78.9738225047206,PRE,Pre-demographic dividend,True
1507,1996,78.37885521287,IDX,IDA only,True
1512,1996,86.6106829873325,HPC,Heavily indebted poor countries (HIPC),True
1514,1996,33.2301717305152,OSS,Other small states,True
1517,1996,51.2621451760216,SAS,South Asia,True
1518,1996,46.7028277634961,PSS,Pacific island small states,True
1520,1996,61.4657403543909,IDB,IDA blend,True
1532,1996,10.8703004891684,CSS,Caribbean small states,True
1541,1996,69.6558692720438,IDA,IDA total,True
1547,1996,51.2621451760216,TSA,South Asia (IDA & IBRD),True
1557,1996,72.4116833248631,SSF,Sub-Saharan Africa,True
1559,1996,7.49690665302804,OED,OECD members,True
1562,1996,21.6613811396229,LTE,Late-demographic dividend,True
1564,1996,8.07345883268204,EUU,European Union,True
1569,1996,29.3934535098306,LCN,Latin America & Caribbean,True
1579,1996,5.65730566357371,TEC,Europe & Central Asia (IDA & IBRD countries),True
1588,1996,72.4116833248631,TSS,Sub-Saharan Africa (IDA & IBRD countries),True
1591,1996,72.4262030273364,SSA,Sub-Saharan Africa (excluding high income),True
1601,1996,29.3438043571292,TLA,Latin America & the Caribbean (IDA & IBRD countries),True
1609,1996,8.29530165149983,CEB,Central Europe and the Baltics,True
1610,1996,29.5253499233092,LAC,Latin America & Caribbean (excluding high income),True
1611,1996,7.37681981811292,ECA,Europe & Central Asia (excluding high income),True
1618,1996,85.0475698706035,LDC,Least developed countries: UN classification,True
1620,1996,32.0798177934702,EAR,Early-demographic dividend,True
1628,1996,7.05736624072152,ECS,Europe & Central Asia,True
1634,1996,17.4450890685685,WLD,World,True
1635,1996,6.73571549940529,NAC,North America,True
1646,1996,7.21005197372617,EMU,Euro area,True
1651,1996,32.7624716851631,MIC,Middle income,True
1655,1996,34.3036494994648,LMY,Low & middle income,True
1672,1996,33.0371703394575,TEA,East Asia & Pacific (IDA & IBRD countries),True
1683,1996,10.0557192907604,MEA,"Middle East, North Africa, Afghanistan & Pakistan",True
1688,1996,32.6485101188853,EAP,East Asia & Pacific (excluding high income),True
1692,1996,23.2626329985884,EAS,East Asia & Pacific,True
1709,1996,28.4565566458519,SST,Small states,True
1716,1996,29.1436799685133,IBT,IDA & IBRD total,True
1719,1996,6.97932720704386,ARB,Arab World,True
1724,1996,63.9292722735762,AFE,Africa Eastern and Southern,True
1736,1997,9.01599503858875,CEB,Central Europe and the Baltics,True
1737,1997,28.8566396025853,LAC,Latin America & Caribbean (excluding high income),True
1738,1997,7.44012641312512,ECA,Europe & Central Asia (excluding high income),True
1742,1997,23.5791147507259,IBD,IBRD only,True
1747,1997,83.9110585305106,AFW,Africa Western and Central,True
1753,1997,7.00524822122692,ARB,Arab World,True
1755,1997,6.67169308827303,PST,Post-demographic dividend,True
1757,1997,61.0329102815095,IDB,IDA blend,True
1759,1997,29.1293073490149,IBT,IDA & IBRD total,True
1763,1997,32.0601337356951,EAP,East Asia & Pacific (excluding high income),True
1770,1997,78.3647221209438,PRE,Pre-demographic dividend,True
1773,1997,43.2370572207084,PSS,Pacific island small states,True
1779,1997,13.8701261273479,MNA,"Middle East, North Africa, Afghanistan & Pakistan (excluding high income)",True
1791,1997,32.4201450547054,TEA,East Asia & Pacific (IDA & IBRD countries),True
1797,1997,23.0091688333059,EAS,East Asia & Pacific,True
1802,1997,50.0797835122965,SAS,South Asia,True
1803,1997,10.6310846560847,CSS,Caribbean small states,True
1811,1997,9.9813177161928,MEA,"Middle East, North Africa, Afghanistan & Pakistan",True
1814,1997,77.8462844702467,IDX,IDA only,True
1826,1997,33.0027671022291,OSS,Other small states,True
1832,1997,50.0797835122965,TSA,South Asia (IDA & IBRD),True
1851,1997,69.1358829084042,IDA,IDA total,True
1860,1997,7.34820848371101,EMU,Euro area,True
1865,1997,8.47444703519773,EUU,European Union,True
1873,1997,32.346063419036,MIC,Middle income,True
1877,1997,86.0563905726591,HPC,Heavily indebted poor countries (HIPC),True
1880,1997,7.40490978151864,OED,OECD members,True
1886,1997,33.8961716950437,LMY,Low & middle income,True
1894,1997,21.7285043918944,LTE,Late-demographic dividend,True
1901,1997,17.4743432804444,WLD,World,True
1902,1997,6.4265356228894,NAC,North America,True
1906,1997,84.3297066749052,LDC,Least developed countries: UN classification,True
1909,1997,28.6658995402185,LCN,Latin America & Caribbean,True
1910,1997,71.5890002468978,SSF,Sub-Saharan Africa,True
1919,1997,7.36665415865664,ECS,Europe & Central Asia,True
1922,1997,5.90246963751557,TEC,Europe & Central Asia (IDA & IBRD countries),True
1932,1997,31.6362214326508,EAR,Early-demographic dividend,True
1941,1997,71.5890002468978,TSS,Sub-Saharan Africa (IDA & IBRD countries),True
1942,1997,71.6042539763841,SSA,Sub-Saharan Africa (excluding high income),True
1946,1997,28.6807131239037,TLA,Latin America & the Caribbean (IDA & IBRD countries),True
1954,1997,27.8021445866482,SST,Small states,True
1971,1997,13.8604261830547,TMN,"Middle East, North Africa, Afghanistan & Pakistan (IDA & IBRD)",True
1974,1997,63.2412934102344,AFE,Africa Eastern and Southern,True
1976,1998,63.9620962287123,AFE,Africa Eastern and Southern,True
1980,1998,13.7999677261396,TMN,"Middle East, North Africa, Afghanistan & Pakistan (IDA & IBRD)",True
1982,1998,6.76351967447876,PST,Post-demographic dividend,True
1983,1998,79.2542556317962,PRE,Pre-demographic dividend,True
1992,1998,72.2743605643929,TSS,Sub-Saharan Africa (IDA & IBRD countries),True
1996,1998,28.8832971080511,LAC,Latin America & Caribbean (excluding high income),True
1997,1998,7.77890935568938,ECA,Europe & Central Asia (excluding high income),True
2000,1998,9.46007241845653,CEB,Central Europe and the Baltics,True
2008,1998,28.6993515133428,TLA,Latin America & the Caribbean (IDA & IBRD countries),True
2028,1998,72.2908084930423,SSA,Sub-Saharan Africa (excluding high income),True
2039,1998,7.48075477245522,ECS,Europe & Central Asia,True
2043,1998,5.97286112054329,TEC,Europe & Central Asia (IDA & IBRD countries),True
2049,1998,6.41485329145745,NAC,North America,True
2052,1998,31.4938825026666,EAR,Early-demographic dividend,True
2054,1998,84.370798539927,LDC,Least developed countries: UN classification,True
2057,1998,28.6273564189189,LCN,Latin America & Caribbean,True
2058,1998,72.2743605643929,SSF,Sub-Saharan Africa,True
2060,1998,7.47897452988038,OED,OECD members,True
2061,1998,9.6647582697201,CSS,Caribbean small states,True
2071,1998,21.6834506114157,LTE,Late-demographic dividend,True
2076,1998,8.59132250556151,EUU,European Union,True
2079,1998,17.6182879337665,WLD,World,True
2082,1998,32.4237423755006,MIC,Middle income,True
2092,1998,68.1842735422387,IDA,IDA total,True
2097,1998,34.0166314720297,LMY,Low & middle income,True
2100,1998,7.43163934115387,EMU,Euro area,True
2104,1998,50.1520740240766,TSA,South Asia (IDA & IBRD),True
2107,1998,50.1520740240766,SAS,South Asia,True
2120,1998,85.8702124366366,HPC,Heavily indebted poor countries (HIPC),True
2124,1998,77.1660634689243,IDX,IDA only,True
2130,1998,32.2338439715611,TEA,East Asia & Pacific (IDA & IBRD countries),True
2150,1998,59.8885425027835,IDB,IDA blend,True
2162,1998,23.1288900172237,EAS,East Asia & Pacific,True
2164,1998,33.5170586714913,OSS,Other small states,True
2168,1998,39.6826086956522,PSS,Pacific island small states,True
2173,1998,9.84080288573423,MEA,"Middle East, North Africa, Afghanistan & Pakistan",True
2175,1998,13.8078144416829,MNA,"Middle East, North Africa, Afghanistan & Pakistan (excluding high income)",True
2182,1998,29.3427171305814,IBT,IDA & IBRD total,True
2187,1998,31.8998184093045,EAP,East Asia & Pacific (excluding high income),True
2198,1998,27.4042516418942,SST,Small states,True
2213,1998,23.7372809053807,IBD,IBRD only,True
2222,1998,6.85543054731247,ARB,Arab World,True
2224,1998,84.6345365548379,AFW,Africa Western and Central,True
2228,1999,7.25532236811895,PST,Post-demographic dividend,True
2230,1999,65.058400842755,AFE,Africa Eastern and Southern,True
2231,1999,32.6275959592939,TEA,East Asia & Pacific (IDA & IBRD countries),True
2232,1999,7.4962474207318,EMU,Euro area,True
2240,1999,6.84237456096337,ARB,Arab World,True
2244,1999,28.0925963661063,SST,Small states,True
2250,1999,79.1426120655608,PRE,Pre-demographic dividend,True
2258,1999,59.2094645639843,IDB,IDA blend,True
2262,1999,44.8256476683938,PSS,Pacific island small states,True
2266,1999,49.2871539285803,TSA,South Asia (IDA & IBRD),True
2269,1999,49.2871539285803,SAS,South Asia,True
2283,1999,72.8010318142734,SSF,Sub-Saharan Africa,True
2285,1999,7.94488723313608,OED,OECD members,True
2288,1999,77.5074243250614,IDX,IDA only,True
2294,1999,9.48092307692308,CSS,Caribbean small states,True
2297,1999,9.73105163862094,CEB,Central Europe and the Baltics,True
2299,1999,72.8184789286153,SSA,Sub-Saharan Africa (excluding high income),True
2303,1999,72.8010318142734,TSS,Sub-Saharan Africa (IDA & IBRD countries),True
2310,1999,85.3906756656255,HPC,Heavily indebted poor countries (HIPC),True
2314,1999,67.9488241997981,IDA,IDA total,True
2317,1999,31.0236331628692,EAR,Early-demographic dividend,True
2318,1999,7.49497472993365,NAC,North America,True
2320,1999,29.1029641644889,LCN,Latin America & Caribbean,True
2322,1999,8.62009949477329,EUU,European Union,True
2336,1999,32.6767375613756,MIC,Middle income,True
2341,1999,22.0535296369733,LTE,Late-demographic dividend,True
2344,1999,17.8778259194218,WLD,World,True
2347,1999,22.9994978699756,EAS,East Asia & Pacific,True
2355,1999,6.06426855416651,TEC,Europe & Central Asia (IDA & IBRD countries),True
2361,1999,13.3162300840016,TMN,"Middle East, North Africa, Afghanistan & Pakistan (IDA & IBRD)",True
2373,1999,29.4611526265173,LAC,Latin America & Caribbean (excluding high income),True
2379,1999,7.89683591543613,ECA,Europe & Central Asia (excluding high income),True
2385,1999,32.2546314207469,EAP,East Asia & Pacific (excluding high income),True
2400,1999,29.2264893102207,TLA,Latin America & the Caribbean (IDA & IBRD countries),True
2413,1999,7.54152190208447,ECS,Europe & Central Asia,True
2417,1999,84.1100241118791,LDC,Least developed countries: UN classification,True
2420,1999,13.3239428300195,MNA,"Middle East, North Africa, Afghanistan & Pakistan (excluding high income)",True
2444,1999,34.3080965526018,LMY,Low & middle income,True
2447,1999,9.5698853035405,MEA,"Middle East, North Africa, Afghanistan & Pakistan",True
2454,1999,34.2259154203198,OSS,Other small states,True
2459,1999,29.585878846355,IBT,IDA & IBRD total,True
2471,1999,23.8783428752472,IBD,IBRD only,True
2473,1999,84.0050390759189,AFW,Africa Western and Central,True
2476,2000,23.4541240735978,IBD,IBRD only,True
2488,2000,7.10318257512277,PST,Post-demographic dividend,True
2491,2000,7.69138271481507,EMU,Euro area,True
2509,2000,33.860073099648,LMY,Low & middle income,True
2512,2000,32.0473838064782,TEA,East Asia & Pacific (IDA & IBRD countries),True
2536,2000,7.60963626922575,ECS,Europe & Central Asia,True
2540,2000,83.8156995400155,LDC,Least developed countries: UN classification,True
2543,2000,9.38184318723493,MEA,"Middle East, North Africa, Afghanistan & Pakistan",True
2553,2000,28.5774086987318,TLA,Latin America & the Caribbean (IDA & IBRD countries),True
2559,2000,7.62529126114546,ECA,Europe & Central Asia (excluding high income),True
2562,2000,13.0038960774325,MNA,"Middle East, North Africa, Afghanistan & Pakistan (excluding high income)",True
2565,2000,31.6527774362387,EAP,East Asia & Pacific (excluding high income),True
2571,2000,12.9920002860324,TMN,"Middle East, North Africa, Afghanistan & Pakistan (IDA & IBRD)",True
2584,2000,28.674511536762,LAC,Latin America & Caribbean (excluding high income),True
2588,2000,22.4699992122275,EAS,East Asia & Pacific,True
2594,2000,28.4987826663039,LCN,Latin America & Caribbean,True
2596,2000,5.77687830938613,TEC,Europe & Central Asia (IDA & IBRD countries),True
2607,2000,32.2310164064876,MIC,Middle income,True
2615,2000,21.6296317925485,LTE,Late-demographic dividend,True
2619,2000,17.5262813966932,WLD,World,True
2622,2000,30.4115078474481,EAR,Early-demographic dividend,True
2623,2000,6.99794051078638,NAC,North America,True
2625,2000,8.97097778304585,EUU,European Union,True
2634,2000,72.6431059468747,TSS,Sub-Saharan Africa (IDA & IBRD countries),True
2645,2000,67.6196746762415,IDA,IDA total,True
2649,2000,85.3583528760041,HPC,Heavily indebted poor countries (HIPC),True
2652,2000,77.4297504047491,IDX,IDA only,True
2656,2000,9.93462832051322,CEB,Central Europe and the Baltics,True
2657,2000,72.6579257549061,SSA,Sub-Saharan Africa (excluding high income),True
2675,2000,72.6431059468747,SSF,Sub-Saharan Africa,True
2681,2000,58.7954757830609,IDB,IDA blend,True
2683,2000,11.3438453713123,CSS,Caribbean small states,True
2686,2000,7.75334126302278,OED,OECD members,True
2688,2000,49.1786444751449,TSA,South Asia (IDA & IBRD),True
2690,2000,49.1786444751449,SAS,South Asia,True
2696,2000,34.8842401021711,OSS,Other small states,True
2704,2000,29.2034754750625,IBT,IDA & IBRD total,True
2708,2000,43.3202099737533,PSS,Pacific island small states,True
2710,2000,6.68620917917034,ARB,Arab World,True
2713,2000,28.0068348770361,SST,Small states,True
2716,2000,83.1015124875548,AFW,Africa Western and Central,True
2719,2000,78.3300233770905,PRE,Pre-demographic dividend,True
2723,2000,65.3858665294723,AFE,Africa Eastern and Southern,True
2731,2001,7.60911900870341,ECS,Europe & Central Asia,True
2736,2001,33.2713805784655,LMY,Low & middle income,True
2738,2001,49.1670993642818,TSA,South Asia (IDA & IBRD),True
2745,2001,6.29470806028373,NAC,North America,True
2749,2001,6.51598735228951,ARB,Arab World,True
2767,2001,76.6386299861006,IDX,IDA only,True
2775,2001,31.6115329749273,MIC,Middle income,True
2780,2001,9.886920662836,CEB,Central Europe and the Baltics,True
2786,2001,22.9130162069356,IBD,IBRD only,True
2793,2001,38.2140664961637,PSS,Pacific island small states,True
2797,2001,34.4060049627792,OSS,Other small states,True
2798,2001,67.3222664226306,IDA,IDA total,True
2808,2001,12.83682104729,TMN,"Middle East, North Africa, Afghanistan & Pakistan (IDA & IBRD)",True
2819,2001,30.2824344933359,EAR,Early-demographic dividend,True
2822,2001,20.8661376739642,LTE,Late-demographic dividend,True
2827,2001,27.9199322021845,LCN,Latin America & Caribbean,True
2830,2001,12.848024215526,MNA,"Middle East, North Africa, Afghanistan & Pakistan (excluding high income)",True
2834,2001,21.7860879921779,EAS,East Asia & Pacific,True
2841,2001,84.9516479758069,HPC,Heavily indebted poor countries (HIPC),True
2846,2001,17.2141012541802,WLD,World,True
2851,2001,28.0352220038788,LAC,Latin America & Caribbean (excluding high income),True
2854,2001,77.5561547357465,PRE,Pre-demographic dividend,True
2859,2001,6.74933608767742,PST,Post-demographic dividend,True
2861,2001,8.95821365646506,EUU,European Union,True
2867,2001,30.4766600589993,EAP,East Asia & Pacific (excluding high income),True
2872,2001,9.24963116469611,MEA,"Middle East, North Africa, Afghanistan & Pakistan",True
2894,2001,30.8543840241225,TEA,East Asia & Pacific (IDA & IBRD countries),True
2897,2001,27.0383106856084,SST,Small states,True
2898,2001,5.70512702235186,TEC,Europe & Central Asia (IDA & IBRD countries),True
2914,2001,27.9857754927164,TLA,Latin America & the Caribbean (IDA & IBRD countries),True
2915,2001,72.5205626381098,TSS,Sub-Saharan Africa (IDA & IBRD countries),True
2919,2001,72.5387265153447,SSA,Sub-Saharan Africa (excluding high income),True
2923,2001,7.87967318793515,EMU,Euro area,True
2928,2001,7.46341990667124,ECA,Europe & Central Asia (excluding high income),True
2933,2001,83.0408137064604,LDC,Least developed countries: UN classification,True
2934,2001,49.1670993642818,SAS,South Asia,True
2947,2001,72.5205626381098,SSF,Sub-Saharan Africa,True
2952,2001,28.756966654433,IBT,IDA & IBRD total,True
2957,2001,10.4633576642336,CSS,Caribbean small states,True
2961,2001,7.39910129078992,OED,OECD members,True
2964,2001,58.9012101457864,IDB,IDA blend,True
2966,2001,81.9392428609391,AFW,Africa Western and Central,True
2973,2001,65.8173627780445,AFE,Africa Eastern and Southern,True
2980,2002,81.7355279822687,AFW,Africa Western and Central,True
2985,2002,6.35988226243436,ARB,Arab World,True
2990,2002,7.57546823402183,ECS,Europe & Central Asia,True
2996,2002,32.6657077468558,LMY,Low & middle income,True
2997,2002,47.9380788404799,TSA,South Asia (IDA & IBRD),True
3003,2002,7.52963978899774,ECA,Europe & Central Asia (excluding high income),True
3008,2002,72.0035422141919,SSF,Sub-Saharan Africa,True
3015,2002,7.72741121092807,EMU,Euro area,True
3022,2002,72.0215987973285,SSA,Sub-Saharan Africa (excluding high income),True
3024,2002,82.6109209826965,LDC,Least developed countries: UN classification,True
3032,2002,47.9380788404799,SAS,South Asia,True
3035,2002,72.0035422141919,TSS,Sub-Saharan Africa (IDA & IBRD countries),True
3047,2002,29.6069654396592,TEA,East Asia & Pacific (IDA & IBRD countries),True
3050,2002,5.76921609440525,TEC,Europe & Central Asia (IDA & IBRD countries),True
3053,2002,28.6289640352186,TLA,Latin America & the Caribbean (IDA & IBRD countries),True
3064,2002,27.882881773399,SST,Small states,True
3073,2002,28.6116677151485,LAC,Latin America & Caribbean (excluding high income),True
3078,2002,8.85977327804269,EUU,European Union,True
3084,2002,29.2833650336476,EAP,East Asia & Pacific (excluding high income),True
3088,2002,9.18439815609769,MEA,"Middle East, North Africa, Afghanistan & Pakistan",True
3090,2002,17.2206557859887,WLD,World,True
3103,2002,12.8397048283667,MNA,"Middle East, North Africa, Afghanistan & Pakistan (excluding high income)",True
3108,2002,21.1665092061506,EAS,East Asia & Pacific,True
3114,2002,84.4545528836959,HPC,Heavily indebted poor countries (HIPC),True
3119,2002,77.7336427408946,PRE,Pre-demographic dividend,True
3125,2002,20.665536308967,LTE,Late-demographic dividend,True
3132,2002,28.526904727315,LCN,Latin America & Caribbean,True
3142,2002,12.813688252485,TMN,"Middle East, North Africa, Afghanistan & Pakistan (IDA & IBRD)",True
3143,2002,6.81403486435157,PST,Post-demographic dividend,True
3145,2002,29.6019530457092,EAR,Early-demographic dividend,True
3152,2002,22.5539877436238,IBD,IBRD only,True
3161,2002,41.8976,PSS,Pacific island small states,True
3165,2002,67.2435642247321,IDA,IDA total,True
3173,2002,34.8973229496228,OSS,Other small states,True
3175,2002,30.9634878067641,MIC,Middle income,True
3179,2002,10.1651233390795,CEB,Central Europe and the Baltics,True
3196,2002,76.2397735224887,IDX,IDA only,True
3201,2002,28.4620294366149,IBT,IDA & IBRD total,True
3205,2002,10.9455765407555,CSS,Caribbean small states,True
3210,2002,7.48717816862848,OED,OECD members,True
3213,2002,59.097088474877,IDB,IDA blend,True
3219,2002,6.49353145956929,NAC,North America,True
3225,2002,65.0992811815578,AFE,Africa Eastern and Southern,True
3234,2003,31.4386353508847,LMY,Low & middle income,True
3239,2003,7.6788565938799,ECS,Europe & Central Asia,True
3242,2003,64.6151241962775,AFE,Africa Eastern and Southern,True
3254,2003,59.3760404153803,IDB,IDA blend,True
3256,2003,80.7104497731199,AFW,Africa Western and Central,True
3262,2003,75.598263871884,IDX,IDA only,True
3271,2003,6.90995667354364,NAC,North America,True
3276,2003,67.1356806109481,IDA,IDA total,True
3280,2003,34.679399243141,OSS,Other small states,True
3281,2003,10.2752610927543,CEB,Central Europe and the Baltics,True
3286,2003,29.6994871094706,MIC,Middle income,True
3287,2003,21.5634346494163,IBD,IBRD only,True
3304,2003,29.033800310868,EAR,Early-demographic dividend,True
3306,2003,7.12597928148982,PST,Post-demographic dividend,True
3307,2003,12.9420466347435,TMN,"Middle East, North Africa, Afghanistan & Pakistan (IDA & IBRD)",True
3314,2003,19.5085643879237,LTE,Late-demographic dividend,True
3322,2003,78.5384429771645,PRE,Pre-demographic dividend,True
3331,2003,17.067470633117,WLD,World,True
3341,2003,84.270327212806,HPC,Heavily indebted poor countries (HIPC),True
3347,2003,37.7193798449612,PSS,Pacific island small states,True
3354,2003,27.2502846868445,SST,Small states,True
3359,2003,29.0446078906691,LCN,Latin America & Caribbean,True
3362,2003,19.8363938905982,EAS,East Asia & Pacific,True
3364,2003,9.24891789838676,EUU,European Union,True
3368,2003,29.2538816925734,LAC,Latin America & Caribbean (excluding high income),True
3370,2003,12.9698091599557,MNA,"Middle East, North Africa, Afghanistan & Pakistan (excluding high income)",True
3373,2003,9.25438557193234,MEA,"Middle East, North Africa, Afghanistan & Pakistan",True
3377,2003,26.642756693053,EAP,East Asia & Pacific (excluding high income),True
3382,2003,47.6673480035601,SAS,South Asia,True
3394,2003,29.1928289531382,TLA,Latin America & the Caribbean (IDA & IBRD countries),True
3398,2003,5.64950276023539,TEC,Europe & Central Asia (IDA & IBRD countries),True
3404,2003,26.9036923956426,TEA,East Asia & Pacific (IDA & IBRD countries),True
3414,2003,8.27676091115823,EMU,Euro area,True
3420,2003,71.3143236451567,TSS,Sub-Saharan Africa (IDA & IBRD countries),True
3433,2003,81.4191737213528,LDC,Least developed countries: UN classification,True
3436,2003,71.3309731575453,SSA,Sub-Saharan Africa (excluding high income),True
3444,2003,47.6673480035601,TSA,South Asia (IDA & IBRD),True
3449,2003,71.3143236451567,SSF,Sub-Saharan Africa,True
3453,2003,7.30693300291376,ECA,Europe & Central Asia (excluding high income),True
3456,2003,27.4990846528317,IBT,IDA & IBRD total,True
3465,2003,7.76822251221727,OED,OECD members,True
3469,2003,10.0274405050996,CSS,Caribbean small states,True
3474,2003,6.46595494634639,ARB,Arab World,True
3478,2004,80.7905367283385,AFW,Africa Western and Central,True
3482,2004,6.74118351399042,ARB,Arab World,True
3492,2004,63.6780350675331,AFE,Africa Eastern and Southern,True
3495,2004,29.4888107885243,LMY,Low & middle income,True
3499,2004,7.93527297018763,ECS,Europe & Central Asia,True
3508,2004,46.9997926724521,TSA,South Asia (IDA & IBRD),True
3513,2004,70.8052521152658,SSF,Sub-Saharan Africa,True
3515,2004,7.38659560693208,ECA,Europe & Central Asia (excluding high income),True
3525,2004,80.9903617758661,LDC,Least developed countries: UN classification,True
3528,2004,70.8238972496108,SSA,Sub-Saharan Africa (excluding high income),True
3532,2004,46.9997926724521,SAS,South Asia,True
3537,2004,8.53780185867499,EMU,Euro area,True
3544,2004,70.8052521152658,TSS,Sub-Saharan Africa (IDA & IBRD countries),True
3549,2004,29.0032130411343,TLA,Latin America & the Caribbean (IDA & IBRD countries),True
3551,2004,5.88133511209109,TEC,Europe & Central Asia (IDA & IBRD countries),True
3556,2004,23.4592336952789,TEA,East Asia & Pacific (IDA & IBRD countries),True
3578,2004,9.54963915397878,EUU,European Union,True
3582,2004,29.0387512109203,LAC,Latin America & Caribbean (excluding high income),True
3587,2004,9.16325173786826,MEA,"Middle East, North Africa, Afghanistan & Pakistan",True
3593,2004,23.2719848484571,EAP,East Asia & Pacific (excluding high income),True
3596,2004,26.9271026682135,SST,Small states,True
3598,2004,12.706386923975,MNA,"Middle East, North Africa, Afghanistan & Pakistan (excluding high income)",True
3600,2004,83.9450364180269,HPC,Heavily indebted poor countries (HIPC),True
3608,2004,17.9775346321832,EAS,East Asia & Pacific,True
3620,2004,28.8693246970421,LCN,Latin America & Caribbean,True
3626,2004,77.9349317672905,PRE,Pre-demographic dividend,True
3630,2004,7.35660986404122,PST,Post-demographic dividend,True
3635,2004,16.7834791518651,WLD,World,True
3639,2004,28.3764922132302,EAR,Early-demographic dividend,True
3641,2004,12.6763206832426,TMN,"Middle East, North Africa, Afghanistan & Pakistan (IDA & IBRD)",True
3644,2004,35.0321596244131,PSS,Pacific island small states,True
3651,2004,18.0329223717659,LTE,Late-demographic dividend,True
3656,2004,20.2986644309744,IBD,IBRD only,True
3671,2004,66.8527540120632,IDA,IDA total,True
3677,2004,10.7849700389784,CEB,Central Europe and the Baltics,True
3680,2004,27.7675276791111,MIC,Middle income,True
3685,2004,75.0011327841767,IDX,IDA only,True
3694,2004,7.1669590453524,NAC,North America,True
3697,2004,34.4053686635945,OSS,Other small states,True
3699,2004,26.1171565862039,IBT,IDA & IBRD total,True
3709,2004,7.99792720526407,OED,OECD members,True
3710,2004,10.0686854460094,CSS,Caribbean small states,True
3726,2004,59.3834807906034,IDB,IDA blend,True
3731,2005,70.5237330831511,SSF,Sub-Saharan Africa,True
3733,2005,80.759987018664,LDC,Least developed countries: UN classification,True
3737,2005,27.9193887771685,LMY,Low & middle income,True
3744,2005,70.539680944605,SSA,Sub-Saharan Africa (excluding high income),True
3745,2005,6.40448670890967,ARB,Arab World,True
3754,2005,8.2750689008543,OED,OECD members,True
3763,2005,27.8795150462726,EAR,Early-demographic dividend,True
3772,2005,7.50163259617031,NAC,North America,True
3776,2005,11.281127395073,CEB,Central Europe and the Baltics,True
3781,2005,20.7412125979338,EAP,East Asia & Pacific (excluding high income),True
3783,2005,26.2212618069493,MIC,Middle income,True
3789,2005,16.4297576010523,EAS,East Asia & Pacific,True
3795,2005,20.8868291125453,TEA,East Asia & Pacific (IDA & IBRD countries),True
3814,2005,8.29181865284284,ECS,Europe & Central Asia,True
3818,2005,7.64178402819778,PST,Post-demographic dividend,True
3819,2005,12.4448450201836,TMN,"Middle East, North Africa, Afghanistan & Pakistan (IDA & IBRD)",True
3820,2005,37.4314960629921,PSS,Pacific island small states,True
3823,2005,8.86348553535542,EMU,Euro area,True
3832,2005,7.2836157568398,ECA,Europe & Central Asia (excluding high income),True
3843,2005,83.9256979376258,HPC,Heavily indebted poor countries (HIPC),True
3846,2005,10.0205156530631,EUU,European Union,True
3847,2005,5.99664955248276,TEC,Europe & Central Asia (IDA & IBRD countries),True
3853,2005,78.0809457508779,PRE,Pre-demographic dividend,True
3867,2005,12.4721454152737,MNA,"Middle East, North Africa, Afghanistan & Pakistan (excluding high income)",True
3873,2005,19.3136973097539,IBD,IBRD only,True
3881,2005,9.03795942767874,MEA,"Middle East, North Africa, Afghanistan & Pakistan",True
3883,2005,27.2333608360836,SST,Small states,True
3894,2005,46.222419891066,SAS,South Asia,True
3896,2005,25.0826783272947,IBT,IDA & IBRD total,True
3900,2005,66.7599113045394,IDA,IDA total,True
3907,2005,60.1143669239581,IDB,IDA blend,True
3929,2005,73.8050436381383,IDX,IDA only,True
3934,2005,28.9373842994788,LCN,Latin America & Caribbean,True
3939,2005,16.6370993331808,WLD,World,True
3946,2005,16.8127063266169,LTE,Late-demographic dividend,True
3949,2005,29.1868140682957,TLA,Latin America & the Caribbean (IDA & IBRD countries),True
3950,2005,70.5237330831511,TSS,Sub-Saharan Africa (IDA & IBRD countries),True
3956,2005,29.0811513732994,LAC,Latin America & Caribbean (excluding high income),True
3959,2005,46.222419891066,TSA,South Asia (IDA & IBRD),True
3964,2005,8.82919141160347,CSS,Caribbean small states,True
3972,2005,34.9750106337729,OSS,Other small states,True
3980,2005,80.9340336358309,AFW,Africa Western and Central,True
3981,2005,63.1090982683818,AFE,Africa Eastern and Southern,True
3988,2006,81.8733098332193,AFW,Africa Western and Central,True
4003,2006,6.19564709639159,ARB,Arab World,True
4008,2006,70.6146202545352,SSF,Sub-Saharan Africa,True
4024,2006,11.1059202329456,CEB,Central Europe and the Baltics,True
4032,2006,70.6146202545352,TSS,Sub-Saharan Africa (IDA & IBRD countries),True
4033,2006,29.2883960377476,TLA,Latin America & the Caribbean (IDA & IBRD countries),True
4035,2006,70.6297212213983,SSA,Sub-Saharan Africa (excluding high income),True
4040,2006,27.1651772172781,EAR,Early-demographic dividend,True
4042,2006,7.99064384156515,NAC,North America,True
4045,2006,19.7794500219053,EAP,East Asia & Pacific (excluding high income),True
4047,2006,29.1070203496388,LAC,Latin America & Caribbean (excluding high income),True
4054,2006,15.9686753943731,EAS,East Asia & Pacific,True
4062,2006,19.9088668343395,TEA,East Asia & Pacific (IDA & IBRD countries),True
4073,2006,25.4784722487914,MIC,Middle income,True
4077,2006,9.66669323919068,EMU,Euro area,True
4085,2006,45.2453053396588,TSA,South Asia (IDA & IBRD),True
4099,2006,28.9856660718838,LCN,Latin America & Caribbean,True
4100,2006,36.3674816625917,PSS,Pacific island small states,True
4103,2006,8.57521802832624,ECS,Europe & Central Asia,True
4110,2006,7.07847885220545,ECA,Europe & Central Asia (excluding high income),True
4116,2006,16.7290772224366,WLD,World,True
4121,2006,8.13944321805613,PST,Post-demographic dividend,True
4127,2006,78.1089116230743,PRE,Pre-demographic dividend,True
4128,2006,16.2710933355579,LTE,Late-demographic dividend,True
4136,2006,5.81734150154749,TEC,Europe & Central Asia (IDA & IBRD countries),True
4137,2006,12.0125380030703,TMN,"Middle East, North Africa, Afghanistan & Pakistan (IDA & IBRD)",True
4147,2006,10.6866219026938,EUU,European Union,True
4165,2006,83.1818878444874,HPC,Heavily indebted poor countries (HIPC),True
4170,2006,26.6335847609307,SST,Small states,True
4173,2006,66.3967663862666,IDA,IDA total,True
4175,2006,73.3938956177054,IDX,IDA only,True
4182,2006,12.0275723840766,MNA,"Middle East, North Africa, Afghanistan & Pakistan (excluding high income)",True
4189,2006,18.7796426080362,IBD,IBRD only,True
4193,2006,8.66259508825461,MEA,"Middle East, North Africa, Afghanistan & Pakistan",True
4200,2006,59.7728436369701,IDB,IDA blend,True
4208,2006,24.4584394602454,IBT,IDA & IBRD total,True
4210,2006,45.2453053396588,SAS,South Asia,True
4216,2006,27.1612933367489,LMY,Low & middle income,True
4220,2006,80.1005342660568,LDC,Least developed countries: UN classification,True
4225,2006,9.42070063694267,CSS,Caribbean small states,True
4226,2006,33.1250047938639,OSS,Other small states,True
4232,2006,8.75159229776806,OED,OECD members,True
4235,2006,62.7381235737246,AFE,Africa Eastern and Southern,True
4250,2007,8.4238448802232,PST,Post-demographic dividend,True
4253,2007,9.008152485838,OED,OECD members,True
4255,2007,5.60004577861799,ARB,Arab World,True
4258,2007,59.7989247311828,IDB,IDA blend,True
4273,2007,43.5322600697748,SAS,South Asia,True
4274,2007,23.5801717590485,IBT,IDA & IBRD total,True
4276,2007,34.3738268461259,OSS,Other small states,True
4283,2007,18.0231697034131,IBD,IBRD only,True
4290,2007,8.52536082474227,CSS,Caribbean small states,True
4291,2007,78.8471069800247,LDC,Least developed countries: UN classification,True
4311,2007,7.94211967922515,NAC,North America,True
4314,2007,26.2096590198511,EAR,Early-demographic dividend,True
4321,2007,8.16463294723801,MEA,"Middle East, North Africa, Afghanistan & Pakistan",True
4322,2007,11.3862829485805,CEB,Central Europe and the Baltics,True
4330,2007,70.1243069363177,SSA,Sub-Saharan Africa (excluding high income),True
4331,2007,29.4162906928946,TLA,Latin America & the Caribbean (IDA & IBRD countries),True
4332,2007,70.1100750427751,TSS,Sub-Saharan Africa (IDA & IBRD countries),True
4339,2007,65.6601255015347,IDA,IDA total,True
4340,2007,26.8431092436975,SST,Small states,True
4345,2007,11.4371725209298,MNA,"Middle East, North Africa, Afghanistan & Pakistan (excluding high income)",True
4350,2007,15.0789487832137,EAS,East Asia & Pacific,True
4356,2007,81.7362408698414,HPC,Heavily indebted poor countries (HIPC),True
4369,2007,29.3016422221868,LAC,Latin America & Caribbean (excluding high income),True
4375,2007,24.4020429130912,MIC,Middle income,True
4397,2007,11.7554752685425,EUU,European Union,True
4399,2007,18.442744793017,EAP,East Asia & Pacific (excluding high income),True
4400,2007,77.9827883948906,PRE,Pre-demographic dividend,True
4404,2007,5.75867132998041,TEC,Europe & Central Asia (IDA & IBRD countries),True
4410,2007,18.5148999605136,TEA,East Asia & Pacific (IDA & IBRD countries),True
4417,2007,6.63494298230947,ECA,Europe & Central Asia (excluding high income),True
4422,2007,15.5877124923454,LTE,Late-demographic dividend,True
4426,2007,43.5322600697748,TSA,South Asia (IDA & IBRD),True
4436,2007,11.414820556546,TMN,"Middle East, North Africa, Afghanistan & Pakistan (IDA & IBRD)",True
4444,2007,10.7583861009619,EMU,Euro area,True
4447,2007,9.14113260306134,ECS,Europe & Central Asia,True
4457,2007,34.2550368550369,PSS,Pacific island small states,True
4458,2007,29.0767468358782,LCN,Latin America & Caribbean,True
4462,2007,16.5374660334277,WLD,World,True
4469,2007,71.8570857444585,IDX,IDA only,True
4481,2007,70.1100750427751,SSF,Sub-Saharan Africa,True
4482,2007,26.0356980684312,LMY,Low & middle income,True
4484,2007,61.5051686589556,AFE,Africa Eastern and Southern,True
4486,2007,82.3300149481968,AFW,Africa Western and Central,True
4489,2008,81.2111702741465,AFW,Africa Western and Central,True
4491,2008,61.9080266133138,AFE,Africa Eastern and Southern,True
4497,2008,25.5598205553574,LMY,Low & middle income,True
4510,2008,8.91292216843766,PST,Post-demographic dividend,True
4520,2008,36.9616666666667,PSS,Pacific island small states,True
4522,2008,29.1895755585886,LCN,Latin America & Caribbean,True
4523,2008,16.6569817886533,WLD,World,True
4530,2008,11.1606287551238,TMN,"Middle East, North Africa, Afghanistan & Pakistan (IDA & IBRD)",True
4537,2008,11.4399549852905,EMU,Euro area,True
4540,2008,9.47387156015955,ECS,Europe & Central Asia,True
4544,2008,6.45158501915867,ECA,Europe & Central Asia (excluding high income),True
4548,2008,15.0816450798626,LTE,Late-demographic dividend,True
4560,2008,77.0470225009081,PRE,Pre-demographic dividend,True
4561,2008,5.64264695953204,TEC,Europe & Central Asia (IDA & IBRD countries),True
4568,2008,17.8640720779668,TEA,East Asia & Pacific (IDA & IBRD countries),True
4577,2008,69.9762964238958,SSF,Sub-Saharan Africa,True
4580,2008,41.4480675621599,TSA,South Asia (IDA & IBRD),True
4586,2008,12.456805484523,EUU,European Union,True
4589,2008,17.7862359678226,EAP,East Asia & Pacific (excluding high income),True
4594,2008,23.9229934529198,MIC,Middle income,True
4607,2008,81.2329236673649,HPC,Heavily indebted poor countries (HIPC),True
4615,2008,29.3729295120062,LAC,Latin America & Caribbean (excluding high income),True
4620,2008,11.1816613915187,MNA,"Middle East, North Africa, Afghanistan & Pakistan (excluding high income)",True
4625,2008,14.735235141223,EAS,East Asia & Pacific,True
4634,2008,29.5066403419618,TLA,Latin America & the Caribbean (IDA & IBRD countries),True
4636,2008,69.9762964238958,TSS,Sub-Saharan Africa (IDA & IBRD countries),True
4646,2008,65.5967479591471,IDA,IDA total,True
4649,2008,28.4953543493719,SST,Small states,True
4652,2008,8.39672268148695,NAC,North America,True
4657,2008,25.9491221333158,EAR,Early-demographic dividend,True
4668,2008,7.81608678497236,MEA,"Middle East, North Africa, Afghanistan & Pakistan",True
4672,2008,78.1739617762925,LDC,Least developed countries: UN classification,True
4673,2008,69.991530551765,SSA,Sub-Saharan Africa (excluding high income),True
4689,2008,36.1920582047686,OSS,Other small states,True
4692,2008,12.1782191475117,CEB,Central Europe and the Baltics,True
4693,2008,71.6010224669511,IDX,IDA only,True
4694,2008,17.6316680788104,IBD,IBRD only,True
4702,2008,8.71866048862679,CSS,Caribbean small states,True
4715,2008,41.4480675621599,SAS,South Asia,True
4716,2008,23.1916933385608,IBT,IDA & IBRD total,True
4727,2008,9.51078406141571,OED,OECD members,True
4728,2008,5.13130870182265,ARB,Arab World,True
4735,2008,59.8816457785291,IDB,IDA blend,True
4742,2009,23.1681701232033,IBT,IDA & IBRD total,True
4746,2009,14.2636176245449,EAS,East Asia & Pacific,True
4751,2009,10.1205121168934,OED,OECD members,True
4760,2009,39.4741030953443,SAS,South Asia,True
4766,2009,7.6902671973751,MEA,"Middle East, North Africa, Afghanistan & Pakistan",True
4770,2009,8.57920034028073,CSS,Caribbean small states,True
4776,2009,30.2776979308636,SST,Small states,True
4777,2009,17.4829469844672,IBD,IBRD only,True
4790,2009,6.30497199994692,TEC,Europe & Central Asia (IDA & IBRD countries),True
4792,2009,77.5774660421546,PRE,Pre-demographic dividend,True
4795,2009,61.5456166448889,IDB,IDA blend,True
4800,2009,11.0947663614785,MNA,"Middle East, North Africa, Afghanistan & Pakistan (excluding high income)",True
4804,2009,15.0489853771052,LTE,Late-demographic dividend,True
4816,2009,39.4741030953443,TSA,South Asia (IDA & IBRD),True
4818,2009,82.3902132632194,AFW,Africa Western and Central,True
4820,2009,11.0799158086585,TMN,"Middle East, North Africa, Afghanistan & Pakistan (IDA & IBRD)",True
4827,2009,9.54731401320155,PST,Post-demographic dividend,True
4829,2009,30.2607803843605,LAC,Latin America & Caribbean (excluding high income),True
4831,2009,5.05522238152558,ARB,Arab World,True
4839,2009,25.4129390516275,EAR,Early-demographic dividend,True
4847,2009,70.0369831155563,SSF,Sub-Saharan Africa,True
4869,2009,17.0208227881363,TEA,East Asia & Pacific (IDA & IBRD countries),True
4873,2009,70.0532751561439,SSA,Sub-Saharan Africa (excluding high income),True
4876,2009,34.7113372093023,PSS,Pacific island small states,True
4880,2009,8.92392050805303,NAC,North America,True
4881,2009,25.2924412634656,LMY,Low & middle income,True
4883,2009,23.6037826745994,MIC,Middle income,True
4893,2009,13.7392384371762,CEB,Central Europe and the Baltics,True
4903,2009,13.6219724174621,EUU,European Union,True
4917,2009,39.4830543154762,OSS,Other small states,True
4920,2009,10.4249676128482,ECS,Europe & Central Asia,True
4924,2009,71.6363429921907,IDX,IDA only,True
4934,2009,70.0369831155563,TSS,Sub-Saharan Africa (IDA & IBRD countries),True
4936,2009,66.5353503378893,IDA,IDA total,True
4939,2009,30.3669946466489,TLA,Latin America & the Caribbean (IDA & IBRD countries),True
4947,2009,7.42803913844124,ECA,Europe & Central Asia (excluding high income),True
4949,2009,77.0426428856211,LDC,Least developed countries: UN classification,True
4962,2009,80.4451955986762,HPC,Heavily indebted poor countries (HIPC),True
4969,2009,17.0654993607187,WLD,World,True
4971,2009,30.0250169872657,LCN,Latin America & Caribbean,True
4980,2009,12.5287114348868,EMU,Euro area,True
4982,2009,16.97060416335,EAP,East Asia & Pacific (excluding high income),True
4988,2009,61.3046006287143,AFE,Africa Eastern and Southern,True
5000,2010,62.8763868126774,AFE,Africa Eastern and Southern,True
5002,2010,22.2914952493169,IBT,IDA & IBRD total,True
5007,2010,13.434787598045,EAS,East Asia & Pacific,True
5010,2010,65.4798262712482,IDA,IDA total,True
5012,2010,10.3743144709912,OED,OECD members,True
5019,2010,75.9030638297872,LDC,Least developed countries: UN classification,True
5027,2010,79.6115171074584,HPC,Heavily indebted poor countries (HIPC),True
5032,2010,16.7414815095897,WLD,World,True
5042,2010,7.81163686125183,ECA,Europe & Central Asia (excluding high income),True
5054,2010,70.5522525849335,TSS,Sub-Saharan Africa (IDA & IBRD countries),True
5057,2010,29.4185691870613,TLA,Latin America & the Caribbean (IDA & IBRD countries),True
5066,2010,40.1984612532443,OSS,Other small states,True
5071,2010,10.8681448886901,ECS,Europe & Central Asia,True
5073,2010,24.2911816358034,LMY,Low & middle income,True
5076,2010,70.5576135766612,IDX,IDA only,True
5082,2010,8.88269795903184,NAC,North America,True
5094,2010,15.7296949227323,EAP,East Asia & Pacific (excluding high income),True
5098,2010,22.6342653302965,MIC,Middle income,True
5106,2010,14.5716532675985,CEB,Central Europe and the Baltics,True
5112,2010,15.7610889736946,TEA,East Asia & Pacific (IDA & IBRD countries),True
5115,2010,70.5711431530206,SSA,Sub-Saharan Africa (excluding high income),True
5118,2010,29.6785326086957,PSS,Pacific island small states,True
5146,2010,24.8615971543891,EAR,Early-demographic dividend,True
5154,2010,14.469048952148,EUU,European Union,True
5157,2010,80.6878062215966,AFW,Africa Western and Central,True
5159,2010,11.1975121431898,TMN,"Middle East, North Africa, Afghanistan & Pakistan (IDA & IBRD)",True
5163,2010,70.5522525849335,SSF,Sub-Saharan Africa,True
5165,2010,9.8170711241403,PST,Post-demographic dividend,True
5167,2010,29.3767775506778,LAC,Latin America & Caribbean (excluding high income),True
5168,2010,4.83562159152557,ARB,Arab World,True
5171,2010,14.227913389653,LTE,Late-demographic dividend,True
5185,2010,38.1566630116378,TSA,South Asia (IDA & IBRD),True
5190,2010,6.4529448184641,TEC,Europe & Central Asia (IDA & IBRD countries),True
5192,2010,75.7135622523074,PRE,Pre-demographic dividend,True
5196,2010,60.5940711914845,IDB,IDA blend,True
5200,2010,11.2058888704594,MNA,"Middle East, North Africa, Afghanistan & Pakistan (excluding high income)",True
5201,2010,16.7512897977865,IBD,IBRD only,True
5209,2010,29.7265690627625,SST,Small states,True
5218,2010,29.068340737703,LCN,Latin America & Caribbean,True
5226,2010,13.3754794114388,EMU,Euro area,True
5238,2010,38.1566630116378,SAS,South Asia,True
5242,2010,7.59280845232692,MEA,"Middle East, North Africa, Afghanistan & Pakistan",True
5246,2010,7.763243873979,CSS,Caribbean small states,True
5249,2011,21.5080308989151,IBT,IDA & IBRD total,True
5254,2011,12.7263364615484,EAS,East Asia & Pacific,True
5258,2011,10.9046224842115,OED,OECD members,True
5266,2011,7.43634228145233,MEA,"Middle East, North Africa, Afghanistan & Pakistan",True
5269,2011,8.84632068164214,CSS,Caribbean small states,True
5288,2011,6.04948456107391,TEC,Europe & Central Asia (IDA & IBRD countries),True
5290,2011,30.2495982731742,SST,Small states,True
5291,2011,36.8092713088936,TSA,South Asia (IDA & IBRD),True
5295,2011,60.1995707840284,IDB,IDA blend,True
5300,2011,11.0708127254411,MNA,"Middle East, North Africa, Afghanistan & Pakistan (excluding high income)",True
5304,2011,74.6528191627611,PRE,Pre-demographic dividend,True
5306,2011,15.9538657957954,IBD,IBRD only,True
5311,2011,10.3374053454359,PST,Post-demographic dividend,True
5327,2011,69.9549214765695,SSF,Sub-Saharan Africa,True
5336,2011,11.0593308918401,TMN,"Middle East, North Africa, Afghanistan & Pakistan (IDA & IBRD)",True
5344,2011,28.7011302255696,LAC,Latin America & Caribbean (excluding high income),True
5345,2011,13.4939401643027,LTE,Late-demographic dividend,True
5347,2011,4.65946283874801,ARB,Arab World,True
5370,2011,14.7055801193074,EAP,East Asia & Pacific (excluding high income),True
5373,2011,21.6951261636734,MIC,Middle income,True
5382,2011,69.9702399260792,SSA,Sub-Saharan Africa (excluding high income),True
5385,2011,14.7046669134649,TEA,East Asia & Pacific (IDA & IBRD countries),True
5390,2011,31.4028947368421,PSS,Pacific island small states,True
5397,2011,13.4314628799734,EMU,Euro area,True
5407,2011,24.0855008274837,EAR,Early-demographic dividend,True
5408,2011,14.7499600707318,CEB,Central Europe and the Baltics,True
5412,2011,69.9549214765695,TSS,Sub-Saharan Africa (IDA & IBRD countries),True
5413,2011,9.86206424776275,NAC,North America,True
5415,2011,23.408245686256,LMY,Low & middle income,True
5431,2011,69.9942562944391,IDX,IDA only,True
5437,2011,75.2902390351355,LDC,Least developed countries: UN classification,True
5438,2011,40.4458062116422,OSS,Other small states,True
5441,2011,10.7258330443851,ECS,Europe & Central Asia,True
5452,2011,28.7713961731801,TLA,Latin America & the Caribbean (IDA & IBRD countries),True
5457,2011,16.6987205578704,WLD,World,True
5465,2011,7.06633152811845,ECA,Europe & Central Asia (excluding high income),True
5469,2011,64.9875878296829,IDA,IDA total,True
5475,2011,78.8967629817918,HPC,Heavily indebted poor countries (HIPC),True
5478,2011,28.4958595093532,LCN,Latin America & Caribbean,True
5482,2011,36.8092713088936,SAS,South Asia,True
5495,2011,14.6250037786311,EUU,European Union,True
5499,2011,62.8052791594478,AFE,Africa Eastern and Southern,True
5500,2011,79.282287064176,AFW,Africa Western and Central,True
5501,2012,61.4099642987411,AFE,Africa Eastern and Southern,True
5505,2012,16.0530317099573,EUU,European Union,True
5509,2012,21.3971364601676,IBT,IDA & IBRD total,True
5511,2012,12.7952806131987,EAS,East Asia & Pacific,True
5517,2012,11.3823454495312,OED,OECD members,True
5521,2012,7.4990959908438,ECA,Europe & Central Asia (excluding high income),True
5526,2012,65.6347840271434,IDA,IDA total,True
5530,2012,77.8546208866133,HPC,Heavily indebted poor countries (HIPC),True
5545,2012,69.2375680788855,IDX,IDA only,True
5546,2012,16.8962150785112,WLD,World,True
5554,2012,74.1186152161421,LDC,Least developed countries: UN classification,True
5555,2012,40.7171691176471,OSS,Other small states,True
5573,2012,28.2092931078232,TLA,Latin America & the Caribbean (IDA & IBRD countries),True
5581,2012,23.7687952198121,EAR,Early-demographic dividend,True
5585,2012,68.9684304535012,TSS,Sub-Saharan Africa (IDA & IBRD countries),True
5588,2012,23.216711782471,LMY,Low & middle income,True
5596,2012,31.2037135278515,PSS,Pacific island small states,True
5598,2012,15.6926044784711,CEB,Central Europe and the Baltics,True
5609,2012,21.5565386983821,MIC,Middle income,True
5610,2012,10.0055359347168,NAC,North America,True
5614,2012,68.9835488501321,SSA,Sub-Saharan Africa (excluding high income),True
5623,2012,14.891399177858,EMU,Euro area,True
5634,2012,11.5800703095476,ECS,Europe & Central Asia,True
5641,2012,28.0419793983269,LAC,Latin America & Caribbean (excluding high income),True
5643,2012,13.5583905267186,LTE,Late-demographic dividend,True
5646,2012,4.44428218260031,ARB,Arab World,True
5653,2012,14.7136828117177,EAP,East Asia & Pacific (excluding high income),True
5660,2012,68.9684304535012,SSF,Sub-Saharan Africa,True
5666,2012,10.855740352061,PST,Post-demographic dividend,True
5668,2012,11.0384456368474,TMN,"Middle East, North Africa, Afghanistan & Pakistan (IDA & IBRD)",True
5673,2012,14.7099408406947,TEA,East Asia & Pacific (IDA & IBRD countries),True
5678,2012,36.3851888844937,TSA,South Asia (IDA & IBRD),True
5693,2012,62.2040325368952,IDB,IDA blend,True
5699,2012,11.0420215371111,MNA,"Middle East, North Africa, Afghanistan & Pakistan (excluding high income)",True
5710,2012,73.1865442433771,PRE,Pre-demographic dividend,True
5713,2012,15.8795392491567,IBD,IBRD only,True
5724,2012,6.28402287149414,TEC,Europe & Central Asia (IDA & IBRD countries),True
5725,2012,30.1846016646849,SST,Small states,True
5726,2012,27.9411911085897,LCN,Latin America & Caribbean,True
5728,2012,36.3851888844937,SAS,South Asia,True
5741,2012,7.19138786591317,MEA,"Middle East, North Africa, Afghanistan & Pakistan",True
5745,2012,7.93956806787505,CSS,Caribbean small states,True
5748,2012,78.4812300030604,AFW,Africa Western and Central,True
5763,2013,70.0688971913976,IDX,IDA only,True
5767,2013,17.1692464159295,WLD,World,True
5771,2013,11.1442150564461,MNA,"Middle East, North Africa, Afghanistan & Pakistan (excluding high income)",True
5780,2013,7.23035612797874,MEA,"Middle East, North Africa, Afghanistan & Pakistan",True
5789,2013,15.7321440646131,EMU,Euro area,True
5798,2013,21.5681055110978,IBT,IDA & IBRD total,True
5805,2013,12.2761565609349,ECS,Europe & Central Asia,True
5810,2013,10.3906457230113,NAC,North America,True
5811,2013,21.5276571634814,MIC,Middle income,True
5812,2013,23.2437945857219,LMY,Low & middle income,True
5813,2013,6.8601581027668,CSS,Caribbean small states,True
5822,2013,16.0171385968997,IBD,IBRD only,True
5828,2013,73.4516390735312,LDC,Least developed countries: UN classification,True
5840,2013,8.04245729281583,ECA,Europe & Central Asia (excluding high income),True
5841,2013,11.877535320146,OED,OECD members,True
5847,2013,24.0275019293983,EAR,Early-demographic dividend,True
5849,2013,41.1903048108704,OSS,Other small states,True
5851,2013,28.0091335892334,TLA,Latin America & the Caribbean (IDA & IBRD countries),True
5853,2013,61.9371685909771,IDB,IDA blend,True
5855,2013,14.5828878425143,TEA,East Asia & Pacific (IDA & IBRD countries),True
5865,2013,11.3357713927499,PST,Post-demographic dividend,True
5870,2013,31.0864532019704,PSS,Pacific island small states,True
5880,2013,72.2325804041222,PRE,Pre-demographic dividend,True
5884,2013,27.7875791624106,LAC,Latin America & Caribbean (excluding high income),True
5894,2013,36.6107558472827,SAS,South Asia,True
5900,2013,30.3387854927225,SST,Small states,True
5901,2013,6.84165697411543,TEC,Europe & Central Asia (IDA & IBRD countries),True
5909,2013,36.6107558472827,TSA,South Asia (IDA & IBRD),True
5910,2013,27.7426663261076,LCN,Latin America & Caribbean,True
5919,2013,16.7974520279699,EUU,European Union,True
5924,2013,13.6510906148841,LTE,Late-demographic dividend,True
5926,2013,67.8510971013982,SSF,Sub-Saharan Africa,True
5944,2013,67.8647317156227,SSA,Sub-Saharan Africa (excluding high income),True
5951,2013,14.6049166091883,EAP,East Asia & Pacific (excluding high income),True
5953,2013,4.48323739439238,ARB,Arab World,True
5960,2013,77.654981472332,HPC,Heavily indebted poor countries (HIPC),True
5970,2013,16.6612114024685,CEB,Central Europe and the Baltics,True
5977,2013,65.9170351063927,IDA,IDA total,True
5986,2013,67.8510971013982,TSS,Sub-Saharan Africa (IDA & IBRD countries),True
5990,2013,11.1424728929043,TMN,"Middle East, North Africa, Afghanistan & Pakistan (IDA & IBRD)",True
6002,2013,12.807588042962,EAS,East Asia & Pacific,True
6004,2013,76.7014987422216,AFW,Africa Western and Central,True
6010,2013,60.8017990466951,AFE,Africa Eastern and Southern,True
6014,2014,61.2358816947099,AFE,Africa Eastern and Southern,True
6018,2014,67.6452011850627,SSA,Sub-Saharan Africa (excluding high income),True
6019,2014,17.0702957655506,CEB,Central Europe and the Baltics,True
6024,2014,27.8888829813823,LAC,Latin America & Caribbean (excluding high income),True
6027,2014,35.5096522398152,SAS,South Asia,True
6039,2014,7.07122180407551,MEA,"Middle East, North Africa, Afghanistan & Pakistan",True
6044,2014,6.52584380803076,TEC,Europe & Central Asia (IDA & IBRD countries),True
6048,2014,30.1999766218586,SST,Small states,True
6049,2014,16.003291533954,IBD,IBRD only,True
6052,2014,41.5939404934688,OSS,Other small states,True
6062,2014,17.3299951573821,WLD,World,True
6064,2014,11.0400705993001,MNA,"Middle East, North Africa, Afghanistan & Pakistan (excluding high income)",True
6070,2014,17.4415753867716,EUU,European Union,True
6074,2014,31.2214953271028,PSS,Pacific island small states,True
6089,2014,13.1772220799983,EAS,East Asia & Pacific,True
6090,2014,21.5287778759064,IBT,IDA & IBRD total,True
6096,2014,12.4321725847963,ECS,Europe & Central Asia,True
6097,2014,27.7215959010541,LCN,Latin America & Caribbean,True
6107,2014,35.5096522398152,TSA,South Asia (IDA & IBRD),True
6110,2014,27.9234565266568,TLA,Latin America & the Caribbean (IDA & IBRD countries),True
6122,2014,7.75696722378988,ECA,Europe & Central Asia (excluding high income),True
6123,2014,12.1275743053496,OED,OECD members,True
6126,2014,65.5180418773844,IDA,IDA total,True
6129,2014,11.6687849102506,PST,Post-demographic dividend,True
6140,2014,11.0410170572294,TMN,"Middle East, North Africa, Afghanistan & Pakistan (IDA & IBRD)",True
6142,2014,14.8262934267536,TEA,East Asia & Pacific (IDA & IBRD countries),True
6155,2014,10.4893842157596,NAC,North America,True
6163,2014,21.5009500348231,MIC,Middle income,True
6164,2014,23.2603600821106,LMY,Low & middle income,True
6167,2014,4.35137245136187,ARB,Arab World,True
6170,2014,13.7969449361474,LTE,Late-demographic dividend,True
6179,2014,67.6303707658131,TSS,Sub-Saharan Africa (IDA & IBRD countries),True
6180,2014,67.6303707658131,SSF,Sub-Saharan Africa,True
6183,2014,72.7170196904253,PRE,Pre-demographic dividend,True
6194,2014,6.01613766730402,CSS,Caribbean small states,True
6201,2014,77.378161792632,HPC,Heavily indebted poor countries (HIPC),True
6211,2014,61.535451528507,IDB,IDA blend,True
6222,2014,14.8403680079479,EAP,East Asia & Pacific (excluding high income),True
6226,2014,16.3316892257358,EMU,Euro area,True
6236,2014,72.8033051049145,LDC,Least developed countries: UN classification,True
6254,2014,69.5857709069388,IDX,IDA only,True
6262,2014,23.4924369677916,EAR,Early-demographic dividend,True
6265,2014,75.7410088804396,AFW,Africa Western and Central,True
6267,2015,21.6163623919511,IBT,IDA & IBRD total,True
6270,2015,28.4881357094781,TLA,Latin America & the Caribbean (IDA & IBRD countries),True
6271,2015,23.2788830905664,EAR,Early-demographic dividend,True
6276,2015,69.2695625897768,IDX,IDA only,True
6280,2015,61.6702780479896,AFE,Africa Eastern and Southern,True
6281,2015,17.1594982078853,CEB,Central Europe and the Baltics,True
6292,2015,16.3581309358884,EMU,Euro area,True
6302,2015,72.6420499355701,LDC,Least developed countries: UN classification,True
6307,2015,68.0411125352474,SSA,Sub-Saharan Africa (excluding high income),True
6311,2015,73.339891666412,PRE,Pre-demographic dividend,True
6332,2015,68.0255515815612,SSF,Sub-Saharan Africa,True
6335,2015,76.5530574120486,HPC,Heavily indebted poor countries (HIPC),True
6343,2015,61.7521936459909,IDB,IDA blend,True
6353,2015,16.0209177851331,IBD,IBRD only,True
6355,2015,10.3923884465868,NAC,North America,True
6357,2015,4.21496941236506,ARB,Arab World,True
6359,2015,13.7947562846974,LTE,Late-demographic dividend,True
6361,2015,11.2881808687104,TMN,"Middle East, North Africa, Afghanistan & Pakistan (IDA & IBRD)",True
6374,2015,28.4779962097861,LAC,Latin America & Caribbean (excluding high income),True
6376,2015,68.0255515815612,TSS,Sub-Saharan Africa (IDA & IBRD countries),True
6385,2015,8.89374944135576,ECA,Europe & Central Asia (excluding high income),True
6386,2015,21.533134520195,MIC,Middle income,True
6387,2015,23.351980133742,LMY,Low & middle income,True
6399,2015,14.5102816361425,TEA,East Asia & Pacific (IDA & IBRD countries),True
6400,2015,12.8744480605886,ECS,Europe & Central Asia,True
6404,2015,12.2611450949417,OED,OECD members,True
6407,2015,65.4970691927081,IDA,IDA total,True
6410,2015,11.8425604176608,PST,Post-demographic dividend,True
6414,2015,12.9820393664344,EAS,East Asia & Pacific,True
6421,2015,34.8834168535168,TSA,South Asia (IDA & IBRD),True
6433,2015,17.4035082673572,WLD,World,True
6447,2015,31.3321759259259,PSS,Pacific island small states,True
6462,2015,11.2870521999878,MNA,"Middle East, North Africa, Afghanistan & Pakistan (excluding high income)",True
6471,2015,17.6122764341327,EUU,European Union,True
6472,2015,28.2446666189275,LCN,Latin America & Caribbean,True
6475,2015,34.8834168535168,SAS,South Asia,True
6476,2015,6.91555148923036,TEC,Europe & Central Asia (IDA & IBRD countries),True
6486,2015,42.5760198652004,OSS,Other small states,True
6489,2015,6.1973602484472,CSS,Caribbean small states,True
6497,2015,31.1755146888735,SST,Small states,True
6510,2015,14.5349935193322,EAP,East Asia & Pacific (excluding high income),True
6513,2015,76.181670524591,AFW,Africa Western and Central,True
6519,2015,7.08007314623562,MEA,"Middle East, North Africa, Afghanistan & Pakistan",True
6527,2016,68.2872983784982,IDX,IDA only,True
6536,2016,31.3734949541816,SST,Small states,True
6541,2016,34.2074772429003,SAS,South Asia,True
6550,2016,7.04015093233689,TEC,Europe & Central Asia (IDA & IBRD countries),True
6551,2016,14.9330102136904,EAP,East Asia & Pacific (excluding high income),True
6556,2016,28.8850327404841,LCN,Latin America & Caribbean,True
6557,2016,17.523235814157,EUU,European Union,True
6571,2016,12.8866548739741,ECS,Europe & Central Asia,True
6575,2016,34.2074772429003,TSA,South Asia (IDA & IBRD),True
6582,2016,9.05362050305208,ECA,Europe & Central Asia (excluding high income),True
6583,2016,12.432384629223,OED,OECD members,True
6590,2016,23.5956286475448,LMY,Low & middle income,True
6592,2016,10.724670511025,NAC,North America,True
6597,2016,29.1948567179388,LAC,Latin America & Caribbean (excluding high income),True
6605,2016,4.29077756155343,ARB,Arab World,True
6615,2016,67.9625238161754,SSF,Sub-Saharan Africa,True
6620,2016,14.1053604502349,LTE,Late-demographic dividend,True
6623,2016,21.7581991859733,MIC,Middle income,True
6625,2016,72.8428194718611,PRE,Pre-demographic dividend,True
6635,2016,16.3684648688886,EMU,Euro area,True
6640,2016,67.9804339199785,SSA,Sub-Saharan Africa (excluding high income),True
6647,2016,16.8577627377285,CEB,Central Europe and the Baltics,True
6657,2016,71.7069864304561,LDC,Least developed countries: UN classification,True
6671,2016,67.9625238161754,TSS,Sub-Saharan Africa (IDA & IBRD countries),True
6673,2016,76.0862841962469,HPC,Heavily indebted poor countries (HIPC),True
6675,2016,16.2845965537743,IBD,IBRD only,True
6685,2016,11.1456851493979,TMN,"Middle East, North Africa, Afghanistan & Pakistan (IDA & IBRD)",True
6691,2016,14.9020380294471,TEA,East Asia & Pacific (IDA & IBRD countries),True
6701,2016,13.3311956056945,EAS,East Asia & Pacific,True
6705,2016,12.0622071586832,PST,Post-demographic dividend,True
6710,2016,64.3516706620498,IDA,IDA total,True
6722,2016,17.6281084915531,WLD,World,True
6734,2016,28.8504854368932,PSS,Pacific island small states,True
6738,2016,11.1503064832308,MNA,"Middle East, North Africa, Afghanistan & Pakistan (excluding high income)",True
6750,2016,42.1565383945673,OSS,Other small states,True
6761,2016,23.2789953267586,EAR,Early-demographic dividend,True
6762,2016,29.1484835734771,TLA,Latin America & the Caribbean (IDA & IBRD countries),True
6765,2016,60.4836460271951,IDB,IDA blend,True
6766,2016,21.8132582722264,IBT,IDA & IBRD total,True
6767,2016,6.68268450932684,CSS,Caribbean small states,True
6770,2016,7.10925108984167,MEA,"Middle East, North Africa, Afghanistan & Pakistan",True
6771,2016,61.8228841937413,AFE,Africa Eastern and Southern,True
6773,2016,75.7968398295924,AFW,Africa Western and Central,True
6776,2017,22.9476250496601,EAR,Early-demographic dividend,True
6782,2017,76.1016805879549,AFW,Africa Western and Central,True
6786,2017,11.2091690751112,NAC,North America,True
6787,2017,23.6364337035659,LMY,Low & middle income,True
6789,2017,33.5888874710393,TSA,South Asia (IDA & IBRD),True
6796,2017,28.9891402714932,PSS,Pacific island small states,True
6800,2017,41.4366535230585,OSS,Other small states,True
6803,2017,7.41293833131802,CSS,Caribbean small states,True
6804,2017,59.7969449026188,IDB,IDA blend,True
6806,2017,17.8541835016377,WLD,World,True
6815,2017,6.75633843243037,TEC,Europe & Central Asia (IDA & IBRD countries),True
6818,2017,12.4846381438532,PST,Post-demographic dividend,True
6831,2017,70.6528427025745,LDC,Least developed countries: UN classification,True
6832,2017,8.68104031424437,ECA,Europe & Central Asia (excluding high income),True
6844,2017,29.6408830785882,TLA,Latin America & the Caribbean (IDA & IBRD countries),True
6858,2017,13.5844394239657,EAS,East Asia & Pacific,True
6864,2017,72.7571519329351,PRE,Pre-demographic dividend,True
6866,2017,29.7622014930472,LAC,Latin America & Caribbean (excluding high income),True
6873,2017,21.8333716725747,IBT,IDA & IBRD total,True
6880,2017,63.4625486644428,IDA,IDA total,True
6884,2017,10.943060961286,TMN,"Middle East, North Africa, Afghanistan & Pakistan (IDA & IBRD)",True
6893,2017,12.7954391065077,OED,OECD members,True
6900,2017,75.9193473348398,HPC,Heavily indebted poor countries (HIPC),True
6902,2017,16.4703987047156,CEB,Central Europe and the Baltics,True
6903,2017,67.8175544668556,TSS,Sub-Saharan Africa (IDA & IBRD countries),True
6911,2017,31.1677364093193,SST,Small states,True
6932,2017,15.1598217902853,EAP,East Asia & Pacific (excluding high income),True
6933,2017,33.5888874710393,SAS,South Asia,True
6939,2017,16.3923000534023,IBD,IBRD only,True
6945,2017,67.8350236280696,SSA,Sub-Saharan Africa (excluding high income),True
6957,2017,16.5848140905158,EMU,Euro area,True
6960,2017,67.8175544668556,SSF,Sub-Saharan Africa,True
6964,2017,17.6857102209371,EUU,European Union,True
6965,2017,29.4068241645848,LCN,Latin America & Caribbean,True
6969,2017,21.8466187128767,MIC,Middle income,True
6975,2017,4.3581617981618,ARB,Arab World,True
6978,2017,12.8819075023182,ECS,Europe & Central Asia,True
6986,2017,14.3601698499908,LTE,Late-demographic dividend,True
7006,2017,15.1902273112057,TEA,East Asia & Pacific (IDA & IBRD countries),True
7009,2017,10.9413685116146,MNA,"Middle East, North Africa, Afghanistan & Pakistan (excluding high income)",True
7026,2017,7.14927454903901,MEA,"Middle East, North Africa, Afghanistan & Pakistan",True
7028,2017,67.1926478978048,IDX,IDA only,True
7030,2017,61.4269497576408,AFE,Africa Eastern and Southern,True
7031,2018,75.4765777368905,AFW,Africa Western and Central,True
7043,2018,69.6689273124056,LDC,Least developed countries: UN classification,True
7064,2018,15.2801719188239,TEA,East Asia & Pacific (IDA & IBRD countries),True
7066,2018,67.6660713231228,SSF,Sub-Saharan Africa,True
7075,2018,14.7113402854056,LTE,Late-demographic dividend,True
7078,2018,67.6846305852535,SSA,Sub-Saharan Africa (excluding high income),True
7084,2018,33.8834998158718,TSA,South Asia (IDA & IBRD),True
7088,2018,23.7294321628033,LMY,Low & middle income,True
7092,2018,18.7249884796166,EUU,European Union,True
7093,2018,30.252639118551,LCN,Latin America & Caribbean,True
7095,2018,21.9723469245979,MIC,Middle income,True
7096,2018,11.3114262085469,NAC,North America,True
7114,2018,15.2617412584325,EAP,East Asia & Pacific (excluding high income),True
7120,2018,33.8834998158718,SAS,South Asia,True
7122,2018,66.0568216095439,IDX,IDA only,True
7124,2018,16.6268066421204,IBD,IBRD only,True
7130,2018,4.50425823426351,ARB,Arab World,True
7145,2018,75.2520183545811,HPC,Heavily indebted poor countries (HIPC),True
7147,2018,67.6660713231228,TSS,Sub-Saharan Africa (IDA & IBRD countries),True
7156,2018,13.2024399046234,OED,OECD members,True
7159,2018,32.2826634877384,SST,Small states,True
7166,2018,10.9557039236004,TMN,"Middle East, North Africa, Afghanistan & Pakistan (IDA & IBRD)",True
7173,2018,9.10455322874983,ECA,Europe & Central Asia (excluding high income),True
7191,2018,13.4797382823169,ECS,Europe & Central Asia,True
7193,2018,18.1476863313142,CEB,Central Europe and the Baltics,True
7196,2018,13.7870493058758,EAS,East Asia & Pacific,True
7202,2018,7.25779989922942,TEC,Europe & Central Asia (IDA & IBRD countries),True
7205,2018,71.906862473446,PRE,Pre-demographic dividend,True
7207,2018,30.6220212475155,LAC,Latin America & Caribbean (excluding high income),True
7211,2018,42.3626099950191,OSS,Other small states,True
7221,2018,63.0596732632859,IDA,IDA total,True
7238,2018,21.9590062576992,IBT,IDA & IBRD total,True
7243,2018,18.1052270747944,WLD,World,True
7250,2018,17.5734985579415,EMU,Euro area,True
7254,2018,30.4953793252595,TLA,Latin America & the Caribbean (IDA & IBRD countries),True
7256,2018,12.8576178839564,PST,Post-demographic dividend,True
7262,2018,10.9619732223084,MNA,"Middle East, North Africa, Afghanistan & Pakistan (excluding high income)",True
7269,2018,60.0455922831853,IDB,IDA blend,True
7275,2018,7.30858693459966,MEA,"Middle East, North Africa, Afghanistan & Pakistan",True
7278,2018,27.3537444933921,PSS,Pacific island small states,True
7281,2018,23.0553629444334,EAR,Early-demographic dividend,True
7283,2018,7.1973830973831,CSS,Caribbean small states,True
7285,2018,61.5875298317964,AFE,Africa Eastern and Southern,True
7301,2019,15.1930553100861,LTE,Late-demographic dividend,True
7304,2019,68.1693850218034,TSS,Sub-Saharan Africa (IDA & IBRD countries),True
7314,2019,11.4865470725413,MNA,"Middle East, North Africa, Afghanistan & Pakistan (excluding high income)",True
7317,2019,11.4771071770715,TMN,"Middle East, North Africa, Afghanistan & Pakistan (IDA & IBRD)",True
7321,2019,19.3440009483852,EUU,European Union,True
7331,2019,68.1693850218034,SSF,Sub-Saharan Africa,True
7332,2019,10.0324286162535,ECA,Europe & Central Asia (excluding high income),True
7339,2019,18.1503858953027,EMU,Euro area,True
7359,2019,34.4293579877468,TSA,South Asia (IDA & IBRD),True
7362,2019,63.4454503938806,IDA,IDA total,True
7366,2019,18.5751641385934,WLD,World,True
7372,2019,11.5807525012806,NAC,North America,True
7377,2019,22.4899574267419,MIC,Middle income,True
7378,2019,74.8448133256749,HPC,Heavily indebted poor countries (HIPC),True
7382,2019,30.6248117743588,LCN,Latin America & Caribbean,True
7387,2019,4.70633158020559,ARB,Arab World,True
7394,2019,7.59012527634488,TEC,Europe & Central Asia (IDA & IBRD countries),True
7406,2019,15.6869369882801,EAP,East Asia & Pacific (excluding high income),True
7410,2019,18.8601539560352,CEB,Central Europe and the Baltics,True
7417,2019,14.0059727126658,ECS,Europe & Central Asia,True
7420,2019,34.4293579877468,SAS,South Asia,True
7422,2019,31.6559924886778,SST,Small states,True
7432,2019,24.2477140331693,LMY,Low & middle income,True
7435,2019,66.1344154982874,IDX,IDA only,True
7440,2019,23.4235915027361,EAR,Early-demographic dividend,True
7448,2019,13.6864487000325,OED,OECD members,True
7452,2019,31.0995992132705,LAC,Latin America & Caribbean (excluding high income),True
7461,2019,17.0666276982215,IBD,IBRD only,True
7481,2019,60.7067624481493,IDB,IDA blend,True
7484,2019,71.4398709500275,PRE,Pre-demographic dividend,True
7489,2019,22.4318628279228,IBT,IDA & IBRD total,True
7491,2019,5.88822815533981,CSS,Caribbean small states,True
7494,2019,42.3904707420726,OSS,Other small states,True
7498,2019,30.8730849505438,TLA,Latin America & the Caribbean (IDA & IBRD countries),True
7500,2019,13.2726556995631,PST,Post-demographic dividend,True
7509,2019,27.3889848812095,PSS,Pacific island small states,True
7510,2019,69.5024909470932,LDC,Least developed countries: UN classification,True
7523,2019,68.1866925105485,SSA,Sub-Saharan Africa (excluding high income),True
7529,2019,14.2375892668268,EAS,East Asia & Pacific,True
7531,2019,15.7206717226655,TEA,East Asia & Pacific (IDA & IBRD countries),True
7536,2019,7.59670819188084,MEA,"Middle East, North Africa, Afghanistan & Pakistan",True
7539,2019,75.0787881678252,AFW,Africa Western and Central,True
7540,2019,62.6907096127666,AFE,Africa Eastern and Southern,True
7541,2020,75.846980103796,AFW,Africa Western and Central,True
7543,2020,7.54675702757893,MEA,"Middle East, North Africa, Afghanistan & Pakistan",True
7545,2020,65.7823798017466,AFE,Africa Eastern and Southern,True
7568,2020,29.425845410628,PSS,Pacific island small states,True
7569,2020,70.885707743194,LDC,Least developed countries: UN classification,True
7579,2020,23.435247290857,IBT,IDA & IBRD total,True
7581,2020,6.28843567906768,CSS,Caribbean small states,True
7585,2020,45.4042214532872,OSS,Other small states,True
7587,2020,34.4989632470857,TLA,Latin America & the Caribbean (IDA & IBRD countries),True
7589,2020,14.4278548426441,PST,Post-demographic dividend,True
7604,2020,60.0736911684857,IDB,IDA blend,True
7606,2020,73.3285283869645,PRE,Pre-demographic dividend,True
7630,2020,14.8380363213872,OED,OECD members,True
7633,2020,19.8249328729026,EMU,Euro area,True
7635,2020,34.8009281991427,LAC,Latin America & Caribbean (excluding high income),True
7643,2020,18.0085051596372,IBD,IBRD only,True
7644,2020,25.2319411619148,LMY,Low & middle income,True
7646,2020,67.3560634206125,IDX,IDA only,True
7653,2020,24.9895503831566,EAR,Early-demographic dividend,True
7661,2020,15.106449203531,ECS,Europe & Central Asia,True
7662,2020,19.6977838168354,CEB,Central Europe and the Baltics,True
7663,2020,36.8864659122341,SAS,South Asia,True
7664,2020,34.2609139465875,SST,Small states,True
7682,2020,16.1762699381612,EAP,East Asia & Pacific (excluding high income),True
7690,2020,34.1964972995889,LCN,Latin America & Caribbean,True
7696,2020,5.17060073389405,ARB,Arab World,True
7703,2020,8.02684416318492,TEC,Europe & Central Asia (IDA & IBRD countries),True
7705,2020,19.7355641050053,WLD,World,True
7714,2020,12.4628823400948,NAC,North America,True
7715,2020,23.3730029547735,MIC,Middle income,True
7725,2020,63.7525629244284,IDA,IDA total,True
7729,2020,36.8864659122341,TSA,South Asia (IDA & IBRD),True
7733,2020,10.0604471757322,ECA,Europe & Central Asia (excluding high income),True
7748,2020,76.0353291030768,HPC,Heavily indebted poor countries (HIPC),True
7750,2020,11.2025085485546,TMN,"Middle East, North Africa, Afghanistan & Pakistan (IDA & IBRD)",True
7754,2020,21.0591470733795,EUU,European Union,True
7762,2020,70.2701133853785,SSF,Sub-Saharan Africa,True
7767,2020,70.2882962400544,SSA,Sub-Saharan Africa (excluding high income),True
7775,2020,14.8081424064458,EAS,East Asia & Pacific,True
7779,2020,16.2041019103429,TEA,East Asia & Pacific (IDA & IBRD countries),True
7782,2020,15.8291260683112,LTE,Late-demographic dividend,True
7785,2020,70.2701133853785,TSS,Sub-Saharan Africa (IDA & IBRD countries),True
7795,2020,11.2181326344417,MNA,"Middle East, North Africa, Afghanistan & Pakistan (excluding high income)",True
